{
    "Ar36": {
        "error": 0.00015004142942600152, 
        "filter_outliers_dict": {
            "filter_outliers": true, 
            "iterations": 1, 
            "std_devs": 2
        }, 
        "fit": "Parabolic", 
        "value": 0.0035346968927915164
    }, 
    "Ar37": {
        "error": 0.005180899578951978, 
        "filter_outliers_dict": {
            "filter_outliers": true, 
            "iterations": 1, 
            "std_devs": 2
        }, 
        "fit": "linear", 
        "value": 0.031225907347309775
    }, 
    "Ar38": {
        "error": 0.002263650214305361, 
        "filter_outliers_dict": {
            "filter_outliers": true, 
            "iterations": 1, 
            "std_devs": 2
        }, 
        "fit": "linear", 
        "value": -0.0314947028019229
    }, 
    "Ar39": {
        "error": 0.008861257741771513, 
        "filter_outliers_dict": {
            "filter_outliers": true, 
            "iterations": 1, 
            "std_devs": 2
        }, 
        "fit": "Parabolic", 
        "value": -0.02576164774925868
    }, 
    "Ar40": {
        "error": 0.006807167746638542, 
        "filter_outliers_dict": {
            "filter_outliers": true, 
            "iterations": 1, 
            "std_devs": 2
        }, 
        "fit": "Parabolic", 
        "value": 0.21241297039919552
    }, 
    "Ar41": {
        "error": 0.003489919444385856, 
        "filter_outliers_dict": {
            "filter_outliers": true, 
            "iterations": 1, 
            "std_devs": 2
        }, 
        "fit": "linear", 
        "value": -0.07144620474813262
    }
}