{
    "Ar36": {
        "error": 0.0008761418199627006, 
        "filter_outliers_dict": {
            "filter_outliers": true, 
            "iterations": 1, 
            "std_devs": 2
        }, 
        "fit": "Linear", 
        "value": 0.022301345454744364
    }, 
    "Ar37": {
        "error": 0.022062644836113848, 
        "filter_outliers_dict": {
            "filter_outliers": true, 
            "iterations": 1, 
            "std_devs": 2
        }, 
        "fit": "linear", 
        "value": 0.12187340317905848
    }, 
    "Ar38": {
        "error": 0.012496198675285956, 
        "filter_outliers_dict": {
            "filter_outliers": true, 
            "iterations": 1, 
            "std_devs": 2
        }, 
        "fit": "linear", 
        "value": 0.3465755449880902
    }, 
    "Ar39": {
        "error": 0.0345203513911956, 
        "filter_outliers_dict": {
            "filter_outliers": true, 
            "iterations": 1, 
            "std_devs": 2
        }, 
        "fit": "Linear", 
        "value": 24.477922629309518
    }, 
    "Ar40": {
        "error": 0.12772226307005377, 
        "filter_outliers_dict": {
            "filter_outliers": true, 
            "iterations": 1, 
            "std_devs": 2
        }, 
        "fit": "Linear", 
        "value": 814.6281301778463
    }, 
    "Ar41": {
        "error": 0.005133246105646026, 
        "filter_outliers_dict": {
            "filter_outliers": true, 
            "iterations": 1, 
            "std_devs": 2
        }, 
        "fit": "Average", 
        "value": -0.0016922157901897781
    }
}