{
    "Ar36": {
        "error": 0.00023363404726982188, 
        "filter_outliers_dict": {
            "filter_outliers": true, 
            "iterations": 1, 
            "std_devs": 2
        }, 
        "fit": "Parabolic", 
        "value": 0.011361143378561762
    }, 
    "Ar37": {
        "error": 0.004742964886189569, 
        "filter_outliers_dict": {
            "filter_outliers": true, 
            "iterations": 1, 
            "std_devs": 2
        }, 
        "fit": "linear", 
        "value": 0.19709912218157846
    }, 
    "Ar38": {
        "error": 0.0023822305029844266, 
        "filter_outliers_dict": {
            "filter_outliers": true, 
            "iterations": 1, 
            "std_devs": 2
        }, 
        "fit": "linear", 
        "value": 0.5381064363693149
    }, 
    "Ar39": {
        "error": 0.011134545351230188, 
        "filter_outliers_dict": {
            "filter_outliers": true, 
            "iterations": 1, 
            "std_devs": 2
        }, 
        "fit": "Parabolic", 
        "value": 42.8307750908994
    }, 
    "Ar40": {
        "error": 0.015774421344322616, 
        "filter_outliers_dict": {
            "filter_outliers": true, 
            "iterations": 1, 
            "std_devs": 2
        }, 
        "fit": "Parabolic", 
        "value": 148.25877242383888
    }, 
    "Ar41": {
        "error": 0.003332236656471706, 
        "filter_outliers_dict": {
            "filter_outliers": true, 
            "iterations": 1, 
            "std_devs": 2
        }, 
        "fit": "linear", 
        "value": -0.0686377509381267
    }
}