{
    "AX": {
        "error": 0.004791317571294639, 
        "filter_outliers_dict": {
            "filter_outliers": true, 
            "iterations": 1, 
            "std_devs": 2
        }, 
        "fit": "average", 
        "value": -0.05405268724155451
    }, 
    "CDD": {
        "error": 3.400184887570415e-06, 
        "filter_outliers_dict": {
            "filter_outliers": true, 
            "iterations": 1, 
            "std_devs": 10
        }, 
        "fit": "average", 
        "value": 9.913157256501533e-06
    }, 
    "H1": {
        "error": 0.0032572663352217275, 
        "filter_outliers_dict": {
            "filter_outliers": true, 
            "iterations": 1, 
            "std_devs": 2
        }, 
        "fit": "average", 
        "value": 0.07416137174788644
    }, 
    "H2": {
        "error": 0.002951870626841579, 
        "filter_outliers_dict": {
            "filter_outliers": true, 
            "iterations": 1, 
            "std_devs": 2
        }, 
        "fit": "average", 
        "value": -0.09047425383296274
    }, 
    "L1": {
        "error": 0.0020460882515651304, 
        "filter_outliers_dict": {
            "filter_outliers": true, 
            "iterations": 1, 
            "std_devs": 2
        }, 
        "fit": "average", 
        "value": -0.043045932507191034
    }, 
    "L2": {
        "error": 0.004081069472513278, 
        "filter_outliers_dict": {
            "filter_outliers": true, 
            "iterations": 1, 
            "std_devs": 2
        }, 
        "fit": "average", 
        "value": -0.0274811438159002
    }
}