{
    "Ar36": {
        "error": 0.0004289633053928454, 
        "filter_outliers_dict": {
            "filter_outliers": true, 
            "iterations": 1, 
            "std_devs": 2
        }, 
        "fit": "Parabolic", 
        "value": 0.04790120462613054
    }, 
    "Ar37": {
        "error": 0.00517576270835285, 
        "filter_outliers_dict": {
            "filter_outliers": true, 
            "iterations": 1, 
            "std_devs": 2
        }, 
        "fit": "linear", 
        "value": 0.03514159269541006
    }, 
    "Ar38": {
        "error": 0.0022417448309650784, 
        "filter_outliers_dict": {
            "filter_outliers": true, 
            "iterations": 1, 
            "std_devs": 2
        }, 
        "fit": "linear", 
        "value": 1.235749988948164
    }, 
    "Ar39": {
        "error": 0.016151952810582834, 
        "filter_outliers_dict": {
            "filter_outliers": true, 
            "iterations": 1, 
            "std_devs": 2
        }, 
        "fit": "Parabolic", 
        "value": 93.33302517887893
    }, 
    "Ar40": {
        "error": 0.04720868259456274, 
        "filter_outliers_dict": {
            "filter_outliers": true, 
            "iterations": 1, 
            "std_devs": 2
        }, 
        "fit": "Parabolic", 
        "value": 1169.0270864461831
    }, 
    "Ar41": {
        "error": 0.0034142772678176195, 
        "filter_outliers_dict": {
            "filter_outliers": true, 
            "iterations": 1, 
            "std_devs": 2
        }, 
        "fit": "linear", 
        "value": -0.018153582997257087
    }
}