{
    "Ar36": {
        "error": 0.0005714298757173959, 
        "filter_outliers_dict": {
            "filter_outliers": true, 
            "iterations": 1, 
            "std_devs": 2
        }, 
        "fit": "Linear", 
        "value": 0.04598239246587149
    }, 
    "Ar37": {
        "error": 0.009093371267067177, 
        "filter_outliers_dict": {
            "filter_outliers": true, 
            "iterations": 1, 
            "std_devs": 2
        }, 
        "fit": "linear", 
        "value": 0.03988465817567528
    }, 
    "Ar38": {
        "error": 0.005518172328265206, 
        "filter_outliers_dict": {
            "filter_outliers": true, 
            "iterations": 1, 
            "std_devs": 2
        }, 
        "fit": "linear", 
        "value": 1.2512733717871956
    }, 
    "Ar39": {
        "error": 0.02409671181266787, 
        "filter_outliers_dict": {
            "filter_outliers": true, 
            "iterations": 1, 
            "std_devs": 2
        }, 
        "fit": "Linear", 
        "value": 93.28728472328987
    }, 
    "Ar40": {
        "error": 0.05737758290496555, 
        "filter_outliers_dict": {
            "filter_outliers": true, 
            "iterations": 1, 
            "std_devs": 2
        }, 
        "fit": "Linear", 
        "value": 1163.733596342152
    }, 
    "Ar41": {
        "error": 0.002694947207128878, 
        "filter_outliers_dict": {
            "filter_outliers": true, 
            "iterations": 1, 
            "std_devs": 2
        }, 
        "fit": "Average", 
        "value": -0.021519729556431617
    }
}